date,close,ret1,ret5,ret10,ret20,vs20,vs60,rsi14,volume_ratio,rebound_score,risk_score,fwd5,fwd10,fwd20
2025-03-24,2794.0,-5.925925925925924,-5.608108108108112,0.14336917562725038,17.148846960167717,2.769706109537662,31.418447500039193,60.15625,0.49566017962673425,50.8,0.0,-14.531138153185397,-45.669291338582674,-35.43307086614173
2025-03-25,2676.0,-4.2233357193987136,-14.368000000000002,-2.8322440087146017,14.702100300042865,-2.187619935303464,24.931916151823085,57.03703703703704,0.6626258772285583,57.7,0.0,-15.732436472346789,-32.7354260089686,-34.08071748878923
2025-03-26,2660.0,-0.5979073243647215,-16.08832807570978,0.45317220543805714,3.300970873786402,-2.9232509762417425,23.26894410417617,57.07226683137739,0.5051363960195804,54.1,0.0,-12.932330827067673,-36.8421052631579,-30.827067669172937
2025-03-27,2539.0,-4.5488721804511245,-16.204620462046204,-6.620080912100034,0.0,-7.339148206269841,16.796491658488712,54.449027695934,0.47302690145142956,58.8,0.0,-18.668767231193385,-18.944466325324928,-28.593934619929108
2025-03-28,2564.0,0.9846396218983866,-13.670033670033666,-6.52570178636529,-8.59180035650624,-6.013452832609378,17.040215456246877,41.439393939393945,0.7805271118523331,62.0,0.0,-26.560062402496097,-22.698907956318248,-27.06708268330733
2025-03-31,2388.0,-6.864274570982842,-14.531138153185397,-19.324324324324326,-10.561797752808989,-12.010169678881333,8.409121861900925,37.465753424657535,0.4606813790214443,68.9,0.0,-36.4321608040201,-18.509212730318257,-21.02177554438861
2025-04-01,2255.0,-5.569514237855944,-15.732436472346789,-27.839999999999996,-9.14585012087027,-16.56182934951528,1.85875285136754,36.785474108944186,0.651459444276355,65.0,2.7,-20.17738359201774,-13.791574279379159,-17.738359201773836
2025-04-02,2316.0,2.7050997782705144,-12.932330827067673,-26.940063091482646,-5.392156862745101,-14.094955489614247,4.0883282647451,36.35748138117806,0.8194526023127502,59.8,0.0,-27.461139896373055,-22.27979274611399,-20.854922279792742
2025-04-03,2065.0,-10.837651122625214,-18.668767231193385,-31.84818481848185,-15.055532702591524,-22.881577473204608,-7.486914513130294,30.105633802816897,1.0649288587000891,47.9,23.4,-0.3389830508474523,-11.186440677966104,-11.622276029055689
2025-04-04,1883.0,-8.813559322033903,-26.560062402496097,-36.599326599326595,-21.147403685092126,-29.009029387924368,-15.732474099930638,17.735170760934693,0.9207063959655079,38.1,44.6,5.257567711099309,-5.363781200212426,1.9118428040361124
2025-04-07,1518.0,-19.38396176314392,-36.4321608040201,-45.669291338582674,-45.59139784946237,-41.36392606755896,-31.91043995065973,7.009095773140729,1.0353207006084755,27.6,88.9,28.19499341238472,18.840579710144922,27.33860342555994
2025-04-08,1800.0,18.577075098814234,-20.17738359201774,-32.7354260089686,-34.64052287581699,-29.165928811758455,-19.110212335692623,17.47388414055081,1.3803299855510125,32.6,44.9,8.000000000000007,-2.0000000000000018,13.666666666666671
2025-04-09,1680.0,-6.666666666666665,-27.461139896373055,-36.8421052631579,-36.55589123867069,-32.60455320429245,-24.318642540731293,17.64141898370086,0.8422455787457342,46.7,55.0,7.14285714285714,9.523809523809534,32.20238095238095
2025-04-10,2058.0,22.500000000000007,-0.3389830508474523,-18.944466325324928,-24.31040823832291,-16.33125990974509,-7.32443203566524,31.031613976705486,1.2378454211186323,57.3,2.5,-10.8843537414966,-11.904761904761907,7.240038872691934
2025-04-11,1982.0,-3.6929057337220628,5.257567711099309,-22.698907956318248,-27.743346700692673,-18.154976978506397,-10.768284172850805,32.37847222222223,0.9716443223184149,69.2,6.3,-10.09081735620585,-5.650857719475278,14.530776992936435
2025-04-14,1946.0,-1.816347124117057,28.19499341238472,-18.509212730318257,-34.25675675675676,-17.92319534363862,-12.454731538340413,33.573357335733576,1.251200245742537,66.9,7.8,-7.29701952723536,-3.083247687564239,13.82322713257964
2025-04-15,1944.0,-0.10277492291880241,8.000000000000007,-13.791574279379159,-37.792,-15.913318050088677,-12.64688040620997,33.78623188405797,0.7081659615923558,67.6,4.2,-9.259259259259256,-4.578189300411529,14.248971193415638
2025-04-16,1800.0,-7.4074074074074066,7.14285714285714,-22.27979274611399,-43.217665615141954,-19.764642952661138,-19.124750073012386,33.43792021515016,0.7533060501908979,69.0,18.5,2.2222222222222143,1.8333333333333313,21.888888888888893
2025-04-17,1834.0,1.8888888888888955,-10.8843537414966,-11.186440677966104,-39.47194719471947,-16.010258289063927,-17.674783974862528,33.70535714285714,0.5944040190137196,73.3,9.4,-1.1450381679389277,-0.4907306434024039,19.193020719738275
2025-04-18,1782.0,-2.8353326063249695,-10.09081735620585,-5.363781200212426,-40.0,-16.109594200169465,-20.019748210318443,35.6805293005671,0.42261395182840195,83.6,12.0,4.938271604938271,7.6879910213243585,21.94163860830527
2025-04-21,1804.0,1.2345679012345734,-7.29701952723536,18.840579710144922,-35.43307086614173,-13.047669542584462,-19.001436781609193,38.753117206982544,0.5455295894960824,77.7,9.0,4.545454545454541,7.15077605321508,15.022172949002211
2025-04-22,1764.0,-2.2172949002217335,-9.259259259259256,-2.0000000000000018,-34.08071748878923,-13.064905623182687,-20.7671749724886,36.08870967741936,0.3598221579578844,86.2,10.8,5.158730158730163,15.986394557823136,16.666666666666675
2025-04-23,1840.0,4.308390022675734,2.2222222222222143,9.523809523809534,-30.827067669172937,-7.4493234746743076,-17.368980435010418,43.78109452736318,0.6324474998392653,64.5,7.4,-0.38043478260869623,20.706521739130434,12.880434782608695
2025-04-24,1813.0,-1.4673913043478315,-1.1450381679389277,-11.904761904761907,-28.593934619929108,-7.111384363151963,-18.63996050919209,47.88391777509069,0.6245573852651815,78.2,8.6,0.6618863761720828,21.731936017650312,14.28571428571428
2025-04-25,1870.0,3.1439602868174266,4.938271604938271,-5.650857719475278,-27.06708268330733,-2.456835845808769,-16.17795375592992,63.07578008915305,0.7409397405575506,52.1,6.2,2.620320855614966,21.3903743315508,12.192513368983949
2025-04-28,1886.0,0.8556149732620311,4.545454545454541,-3.083247687564239,-21.02177554438861,-0.3171247357293905,-15.571770709761168,53.98148148148148,0.8658282869219278,59.9,5.6,2.492046659597036,17.444326617179208,15.588547189819725
2025-04-30,1855.0,-1.6436903499469802,5.158730158730163,-4.578189300411529,-17.738359201773836,-0.9081196581196549,-17.01151996420982,58.82946518668012,0.41914568718290895,63.7,7.0,10.296495956873319,19.73045822102426,13.153638814016166
2025-05-01,1833.0,-1.1859838274932644,-0.38043478260869623,1.8333333333333313,-20.854922279792742,-0.8036366588197064,-18.01164446366137,32.283464566929126,0.5998159139404181,78.2,8.0,21.167484997272233,19.694489907255864,8.837970540098205
2025-05-02,1825.0,-0.4364429896344779,0.6618863761720828,-0.4907306434024039,-11.622276029055689,-0.591006890541157,-18.39198676385101,36.15520282186948,0.4190368394552105,75.8,8.4,20.931506849315063,19.78082191780821,8.602739726027387
2025-05-07,1919.0,5.150684931506855,2.620320855614966,7.6879910213243585,1.9118428040361124,4.426849508883612,-14.306128220776715,47.84,1.116248470489486,49.1,4.3,18.29077644606565,13.236060448150088,7.347576862949445
2025-05-08,1933.0,0.7295466388744121,2.492046659597036,7.15077605321508,27.33860342555994,4.014205768402923,-13.807966706302011,49.13657770800628,0.7850096575813864,56.7,3.8,14.58872219348164,7.3460941541645175,9.467149508535954
2025-05-09,2046.0,5.845835488877382,10.296495956873319,15.986394557823136,13.666666666666671,9.37082375581333,-8.991837733247344,70.29702970297029,1.1117666554623429,21.2,0.0,8.553274682306933,0.5865102639296182,5.816226783968714
2025-05-12,2221.0,8.553274682306933,21.167484997272233,20.706521739130434,32.20238095238095,17.033328942168357,-1.589950743281654,75.90361445783132,1.5720783333578825,5.7,2.0,-1.2156686177397513,-6.483565961278703,-4.907699234579022
2025-05-13,2207.0,-0.6303466906798727,20.931506849315063,21.731936017650312,7.240038872691934,15.840856602981312,-2.5140795818456185,79.97179125528915,1.4989438954930252,22.5,1.6,-0.9515178975985528,-6.11690077027639,-3.3982782057091043
2025-05-14,2270.0,2.8545536927956583,18.29077644606565,21.3903743315508,14.530776992936435,18.253802875599078,-0.030093730962044152,81.06666666666666,0.9703616878767582,8.1,0.0,-4.273127753303962,-7.577092511013217,-3.480176211453745
2025-05-15,2215.0,-2.4229074889867808,14.58872219348164,17.444326617179208,13.82322713257964,14.585758257675696,-2.6566173723878705,79.47712418300654,0.9619026935732696,24.3,0.0,-6.320541760722342,-1.5801354401805856,-5.733634311512414
2025-05-16,2221.0,0.27088036117381975,8.553274682306933,19.73045822102426,14.248971193415638,14.078791925625357,-2.6339823914075966,77.41007194244605,1.90138738468499,28.3,3.7,-7.339036470058535,-5.4930211616389,-9.500225123818096
2025-05-19,2194.0,-1.2156686177397513,-1.2156686177397513,19.694489907255864,21.888888888888893,11.563103834028276,-3.9166167905055227,77.41007194244605,0.7810713358136209,36.2,0.0,-5.332725615314493,-9.070191431175934,-8.432087511394714
2025-05-20,2186.0,-0.3646308113035568,-0.9515178975985528,19.78082191780821,19.193020719738275,10.170345731277086,-4.1459297099384,74.45820433436532,0.7619079958233941,36.2,0.0,-5.215004574565418,-9.332113449222323,-4.666056724611167
2025-05-21,2173.0,-0.5946935041171053,-4.273127753303962,13.236060448150088,21.94163860830527,8.446662507797885,-4.5003076382174605,72.31726283048212,0.55381934676494,40.1,0.0,-3.4514496088357105,-5.200184077312475,-5.844454670961808
2025-05-22,2075.0,-4.509894155545324,-6.320541760722342,7.3460941541645175,15.022172949002211,2.8602587617112096,-8.599703407872894,65.49295774647888,0.4680763917332537,54.1,0.0,5.060240963855422,1.9759036144578301,1.3493975903614563
2025-05-23,2058.0,-0.8192771084337358,-7.339036470058535,0.5865102639296182,16.666666666666675,1.2795275590551158,-9.16514024672832,65.95744680851064,0.4302971165576231,54.1,0.0,1.9922254616132173,5.1992225461613195,10.981535471331384
2025-05-26,2077.0,0.923226433430524,-5.332725615314493,-6.483565961278703,12.880434782608695,1.6219389876948043,-7.989456663787175,67.59776536312849,0.7533406215891271,48.8,0.0,-3.948001925854594,1.6851227732306295,22.965816080885904
2025-05-27,2072.0,-0.2407318247472312,-5.215004574565418,-6.11690077027639,14.28571428571428,0.7390120575651471,-7.893372056840575,62.20095693779904,0.4683716849989878,54.3,0.0,-4.34362934362934,2.895752895752901,23.021235521235518
2025-05-28,2098.0,1.2548262548262468,-3.4514496088357105,-7.577092511013217,12.192513368983949,1.4408664539212968,-6.246508821974128,62.91079812206573,0.6697226122821076,48.3,0.0,-1.8112488083889433,4.432793136320301,20.5910390848427
2025-05-29,2180.0,3.908484270734025,5.060240963855422,-1.5801354401805856,15.588547189819725,4.6617696480868,-2.2253451639669075,61.01973684210527,1.1417348002316154,33.3,0.0,-2.9357798165137616,-4.220183486238527,16.055045871559635
2025-05-30,2099.0,-3.715596330275228,1.9922254616132173,-5.4930211616389,13.153638814016166,0.18614863252350844,-5.587957479346883,38.13229571984435,0.7115254137290186,68.0,0.0,3.1443544545021407,-4.240114340161982,20.20009528346831
2025-06-02,1995.0,-4.9547403525488365,-3.948001925854594,-9.070191431175934,8.837970540098205,-5.144541650817791,-9.960057469102834,32.450331125827816,0.7019026934231575,78.3,0.0,5.864661654135328,0.7017543859649145,25.463659147869677
2025-06-03,1982.0,-0.6516290726817031,-4.34362934362934,-9.332113449222323,8.602739726027387,-6.113071694180627,-10.24363735168915,24.0072202166065,0.556743351517297,74.9,5.0,7.568113017154388,5.146316851664978,19.22300706357214
2025-06-04,2060.0,3.9354187689202735,-1.8112488083889433,-5.200184077312475,7.347576862949445,-2.7430244086681377,-6.479828092370077,36.56845753899481,0.8642496350280947,62.3,0.0,6.359223300970873,-0.6796116504854344,17.087378640776695
2025-06-05,2116.0,2.7184466019417375,-2.9357798165137616,1.9759036144578301,9.467149508535954,-0.5288518039722634,-3.445128907141226,41.62679425837321,1.0144477062107868,59.7,0.0,-1.3232514177693777,-0.6143667296786393,20.41587901701323
2025-06-06,2165.0,2.3156899810964138,3.1443544545021407,5.1992225461613195,5.816226783968714,1.4907181698856187,-0.7647000404886195,47.765793528505384,2.0401835854629153,54.5,4.5,-7.159353348729791,5.496535796766744,9.930715935334877
2025-06-09,2112.0,-2.4480369515011535,5.864661654135328,1.6851227732306295,-4.907699234579022,-0.7402185407120232,-2.7959958577839172,44.668587896253605,1.2484495512425107,64.5,0.3,-4.876893939393945,20.928030303030297,16.47727272727273
2025-06-10,2132.0,0.9469696969697017,7.568113017154388,2.895752895752901,-3.3982782057091043,0.37664783427495685,-1.4316756306924194,47.07560627674751,1.1061922741275905,51.9,0.0,-2.251407129455907,19.55909943714822,19.7936210131332
2025-06-11,2191.0,2.767354596622895,6.359223300970873,4.432793136320301,-3.480176211453745,3.3466191835098247,1.728754275455402,58.76132930513596,1.004442708098551,35.8,0.0,-6.6179826563213195,15.472387037882251,23.596531264262886
2025-06-12,2088.0,-4.701049748973074,-1.3232514177693777,-4.220183486238527,-5.733634311512414,-1.215877371433971,-2.3949389968368595,52.00534759358289,1.3158293750563639,65.6,0.6,0.7183908045977017,21.168582375478916,22.461685823754785
2025-06-13,2010.0,-3.735632183908044,-7.159353348729791,-4.240114340161982,-9.500225123818096,-4.429070679694746,-5.217739843915781,45.84882280049566,0.8547672718476322,71.6,0.0,13.63184079601989,25.522388059701484,23.781094527363187
2025-06-16,2009.0,-0.04975124378109319,-4.876893939393945,0.7017543859649145,-8.432087511394714,-4.054634891828646,-4.392518916860999,46.0772104607721,1.1698230442246296,68.3,0.0,27.127924340467892,24.58934793429568,21.304131408661032
2025-06-17,2084.0,3.733200597312103,-2.251407129455907,5.146316851664978,-4.666056724611167,-0.22979701263884378,-0.07352236038743465,49.178403755868544,1.4406497748887874,52.5,1.3,22.312859884836843,13.387715930902111,17.562380038387726
2025-06-18,2046.0,-1.8234165067178454,-6.6179826563213195,-0.6796116504854344,-5.844454670961808,-1.7503421450695056,-1.165786422774695,41.70792079207921,0.593269652653667,68.7,0.0,23.655913978494624,17.888563049853378,19.843597262952105
2025-06-19,2103.0,2.7859237536656867,0.7183908045977017,-0.6143667296786393,1.3493975903614563,0.9189720949204672,2.155978529271274,50.255102040816325,0.7284086574104065,46.8,0.0,20.304327151688064,21.16024726581074,14.788397527341889
2025-06-20,2284.0,8.606752258678085,13.63184079601989,5.496535796766744,10.981535471331384,9.01367443858434,11.301522842639589,66.7828106852497,3.0614872562378537,18.2,8.0,10.464098073555173,4.203152364273199,3.021015761821366
2025-06-23,2554.0,11.821366024518397,27.127924340467892,20.928030303030297,22.965816080885904,20.528551203397825,24.566123932075534,75.5813953488372,2.2347734304273086,7.0,5.5,-1.9968676585747858,-3.680501174628037,-6.108065779169925
2025-06-24,2549.0,-0.19577133907595634,22.312859884836843,19.55909943714822,23.021235521235518,18.953729845766155,24.312154044981284,73.39712918660287,1.98187122950446,20.8,4.2,-7.296979207532361,0.1961553550411832,-0.549234994115344
2025-06-25,2530.0,-0.7453903491565272,23.655913978494624,15.472387037882251,20.5910390848427,16.888817020490208,23.419651205333558,70.53571428571428,1.695466069723616,20.6,2.6,-4.664031620553355,7.035573122529648,1.4229249011857625
2025-06-26,2530.0,0.0,20.304327151688064,21.168582375478916,16.055045871559635,15.951327940603587,23.277325255609615,69.03023983315954,0.9553547956887211,15.9,0.0,0.7114624505928813,1.067193675889322,-2.885375494071152
2025-06-27,2523.0,-0.2766798418972316,10.464098073555173,25.522388059701484,20.20009528346831,14.5178494428432,22.669259754467006,72.50821467688938,0.8413080808045367,19.5,0.0,-5.667855727308757,-1.3872374157748668,-2.734839476813322
2025-06-30,2503.0,-0.7927070947284953,-1.9968676585747858,24.58934793429568,25.463659147869677,12.31518251778061,21.51271926985565,70.31763417305586,1.288950723730664,34.7,0.5,-1.717938473831404,-2.6368357970435463,-2.9964043148222097
2025-07-01,2363.0,-5.593288054334799,-7.296979207532361,13.387715930902111,19.22300706357214,5.1343655454707315,14.440229235612234,58.65191146881288,0.8396004766216048,48.7,0.0,8.082945408379171,3.681760473973772,3.7663986457892484
2025-07-02,2412.0,2.073635209479474,-4.664031620553355,17.888563049853378,17.087378640776695,6.480663959032329,16.31663974151858,67.23404255319149,1.216981938914752,36.0,0.1,12.271973466003328,1.6583747927031434,2.736318407960203
2025-07-03,2548.0,5.63847429519071,0.7114624505928813,21.16024726581074,20.41587901701323,11.422074514605551,21.866256406986118,76.95390781563127,1.1588407734233872,18.9,0.0,0.3532182103610726,-5.259026687598112,-4.866562009419151
2025-07-04,2380.0,-6.593406593406592,-5.667855727308757,4.203152364273199,9.930715935334877,3.588605253422106,13.307254679478554,65.92274678111588,1.0255942159620128,48.1,0.0,4.537815126050426,-1.134453781512601,0.08403361344537785
2025-07-07,2460.0,3.3613445378151363,-1.717938473831404,-3.680501174628037,16.47727272727273,6.265794077625886,16.39552397700479,66.06837606837607,1.0028728521128087,32.0,0.0,-0.9349593495935005,-2.5203252032520274,-3.658536585365857
2025-07-08,2554.0,3.8211382113821246,8.082945408379171,0.1961553550411832,19.7936210131332,9.329851672695355,20.372334158124183,70.71778140293638,1.5014601391933144,23.0,1.6,-4.07204385277995,-0.7439310884886474,-8.6530931871574
2025-07-09,2708.0,6.029757243539535,12.271973466003328,7.035573122529648,23.596531264262886,14.653456962614841,26.906764767907788,72.86470143613,1.835230232521429,9.8,3.4,-9.453471196454943,-5.2437223042836045,-15.066469719350073
2025-07-10,2557.0,-5.576070901033969,0.3532182103610726,1.067193675889322,22.461685823754785,7.196008971429779,19.26120551608339,60.556844547563806,1.2702126784318566,45.6,0.4,-5.592491200625737,-3.910833007430581,-7.5479077043410285
2025-07-11,2488.0,-2.698474775127102,4.537815126050426,-1.3872374157748668,23.781094527363187,3.268652070146305,15.55431703125727,46.97802197802198,1.095203211781905,55.4,0.0,-5.4260450160771745,-1.3665594855305496,5.225080385852099
2025-07-14,2437.0,-2.0498392282958244,-0.9349593495935005,-2.6368357970435463,21.304131408661032,0.2612469915454607,12.63027352626267,45.07908611599297,0.5077132998277891,62.7,0.0,-1.600328272466145,-0.36930652441526934,5.785802215839153
2025-07-15,2450.0,0.5334427574887224,-4.07204385277995,3.681760473973772,17.562380038387726,0.04287551807917733,12.696356151151122,46.46643109540636,0.8101277368392026,57.2,0.0,3.469387755102038,0.08163265306122547,4.285714285714293
2025-07-16,2452.0,0.08163265306122547,-9.453471196454943,1.6583747927031434,19.843597262952105,-0.6985926900880846,12.211976294533544,46.56084656084656,0.666236022051364,59.2,0.0,4.649265905383371,1.0603588907014627,4.404567699836859
2025-07-17,2414.0,-1.5497553017944532,-5.592491200625737,-5.259026687598112,14.788397527341889,-2.8493238892466244,9.961357131469262,45.321888412017174,0.8669152834378312,67.0,0.0,1.7812758906379456,0.41425020712511085,1.1599005799502793
2025-07-18,2353.0,-2.526926263463136,-5.4260450160771745,-1.134453781512601,3.021015761821366,-5.435547071234803,6.705565801009761,43.78109452736318,0.7541347168653249,68.7,0.0,4.292392690182756,1.232469188270291,5.099872503187419
2025-07-22,2398.0,1.9124521886952905,-1.600328272466145,-2.5203252032520274,-6.108065779169925,-3.32399363018806,8.28955488988905,51.57515751575158,0.5530715799691313,55.0,0.0,1.2510425354462118,-1.1676396997497895,-1.6680567139282787
2025-07-23,2535.0,5.713094245204342,3.469387755102038,-0.7439310884886474,-0.549234994115344,2.2280471821756187,13.857532113662895,55.129274395329446,1.6065601847012063,38.3,2.2,-3.2741617357001984,-7.9684418145956615,-9.072978303747536
2025-07-24,2566.0,1.2228796844181433,4.649265905383371,-5.2437223042836045,1.4229249011857625,3.403114988615985,14.652527479074195,50.822669104204756,1.211047449674376,46.3,0.1,-3.4294621979734985,-10.36632891660172,-6.3522992985190925
2025-07-25,2457.0,-4.2478565861262645,1.7812758906379456,-3.910833007430581,-2.885375494071152,-0.8434561523871009,9.317415001297679,53.71980676328503,0.7725587041051677,57.2,0.0,-1.3431013431013383,-3.7851037851037828,-2.645502645502651
2025-07-28,2454.0,-0.12210012210012167,4.292392690182756,-1.3665594855305496,-2.734839476813322,-0.8264462809917328,8.701108863525619,49.68684759916493,0.43857288859142957,53.7,0.0,-2.933985330073352,6.682966585167072,-0.8557457212713948
2025-07-29,2428.0,-1.0594947025264867,1.2510425354462118,-0.36930652441526934,-2.9964043148222097,-1.7282551503622345,7.079067100823977,42.92134831460674,0.4154607915533934,63.2,0.0,-2.388797364085671,6.177924217462927,-0.5354200988467839
2025-07-30,2452.0,0.9884678747940745,-3.2741617357001984,0.08163265306122547,3.7663986457892484,-0.9352968506959214,7.641429365799413,33.15789473684211,0.3277020503497557,61.4,0.0,-4.853181076672108,4.200652528548132,0.7748776508972322
2025-07-31,2478.0,1.0603588907014627,-3.4294621979734985,1.0603588907014627,2.736318407960203,-0.018156509108513408,8.339709257842397,43.77952755905511,0.3996729553183902,57.7,0.0,-7.183212267958028,3.3091202582727908,4.761904761904767
2025-08-01,2424.0,-2.1791767554479424,-1.3431013431013383,0.41425020712511085,-4.866562009419151,-1.9516634644554554,5.600975850601908,44.83870967741935,0.6213260476195345,66.2,0.0,-2.4752475247524774,0.7425742574257432,10.396039603960405
2025-08-04,2382.0,-1.7326732673267342,-2.933985330073352,1.232469188270291,0.08403361344537785,-3.65441786154872,3.5187089858179643,45.49918166939444,0.4541892797739062,67.1,0.0,9.907640638119219,3.820319059613775,9.823677581863976
2025-08-05,2370.0,-0.5037783375314908,-2.388797364085671,-1.1676396997497895,-3.658536585365857,-3.9649897684219004,2.8861668029317444,43.44262295081967,0.36180147324773737,65.6,0.0,8.776371308016873,-0.5063291139240533,10.675105485232073
2025-08-06,2333.0,-1.561181434599157,-4.853181076672108,-7.9684418145956615,-8.6530931871574,-5.039075219798117,1.1876793627156879,40.775193798449614,0.626315511858303,69.5,0.0,9.515645092156033,-1.2001714530647245,12.558936990998703
2025-08-07,2300.0,-1.4144877839691428,-7.183212267958028,-10.36632891660172,-15.066469719350073,-5.598423904120842,-0.2652366532482464,41.09375,0.5936158683191398,69.2,0.0,11.304347826086957,4.47826086956522,33.26086956521739
2025-08-08,2364.0,2.7826086956521667,-2.4752475247524774,-3.7851037851037828,-7.5479077043410285,-2.5857628515504327,2.399722775708235,50.85536547433903,0.8497859615225094,53.4,0.0,3.2994923857867953,1.1844331641285955,33.24873096446701
2025-08-12,2618.0,10.744500846023698,9.907640638119219,6.682966585167072,5.225080385852099,7.592725778280074,13.077969664466238,62.91079812206573,3.418738939617823,23.5,8.0,-5.538579067990835,-7.066462948815888,21.275783040488918
2025-08-13,2578.0,-1.5278838808250539,8.776371308016873,6.177924217462927,5.785802215839153,5.6427488423554495,11.043310336906021,52.8476821192053,1.522441552230449,47.2,1.7,-8.53374709076804,-6.322730799069043,35.18231186966641
2025-08-14,2555.0,-0.8921644685802921,9.515645092156033,4.200652528548132,4.285714285714293,4.475475864324996,9.761860438474645,49.26372155287818,0.9158644141715067,45.5,0.0,-9.784735812133071,-3.28767123287671,56.75146771037183
2025-08-15,2560.0,0.1956947162426559,11.304347826086957,3.3091202582727908,4.404567699836859,4.449295171260137,9.672766738306215,58.00933125972006,1.4935044959518906,40.0,1.6,-6.132812499999996,1.4062500000000089,73.4375
2025-08-18,2442.0,-4.609375000000004,3.2994923857867953,0.7425742574257432,1.1599005799502793,-0.42204416172242354,4.344110525566158,49.20844327176781,1.0485889738878038,59.8,0.0,-2.047502047502048,9.58230958230959,92.66994266994266
2025-08-19,2473.0,1.2694512694512605,-5.538579067990835,3.820319059613775,5.099872503187419,0.5959281631988889,5.357333049313029,52.94888597640891,0.6461544351062765,50.8,0.0,-1.6174686615446854,5.7824504650222375,79.53902143145977
2025-08-20,2358.0,-4.650222401940962,-8.53374709076804,-0.5063291139240533,-1.6680567139282787,-4.003908237832555,0.25794381926924626,44.49648711943794,0.7971734165015087,68.3,0.0,2.4173027989821794,11.23833757421544,91.68787107718406
2025-08-21,2305.0,-2.247667514843088,-9.784735812133071,-1.2001714530647245,-9.072978303747536,-5.720187332556181,-2.157072211335065,40.18161180476731,0.6654637601272173,72.5,0.0,7.201735357917571,13.926247288503246,96.52928416485899
2025-08-22,2403.0,4.251626898047722,-6.132812499999996,4.47826086956522,-6.3522992985190925,-1.3830180161694017,1.7832182642212757,48.86486486486487,1.281845569188544,52.2,0.4,8.031627132750717,27.54889721181857,100.58260507698708
2025-08-25,2392.0,-0.4577611319184327,-2.047502047502048,1.1844331641285955,-2.645502645502651,-1.703342990404566,1.1658889374480008,50.55928411633109,0.6748372927035473,59.4,0.0,11.872909698996658,31.688963210702337,106.93979933110369
2025-08-26,2433.0,1.7140468227424766,-1.6174686615446854,-7.066462948815888,-0.8557457212713948,0.024666995559941007,2.658227848101258,53.412784398699884,0.45138008453301137,50.1,0.0,7.521578298397036,30.497328401150845,100.98643649815044
2025-08-27,2415.0,-0.7398273736128225,2.4173027989821794,-6.322730799069043,-0.5354200988467839,-0.6888043590007165,1.598653765250324,54.5353982300885,0.37866792096877855,53.3,0.0,8.612836438923388,44.306418219461705,81.98757763975155
2025-08-28,2471.0,2.3188405797101463,7.201735357917571,-3.28767123287671,0.7748776508972322,1.5743823734944762,3.5993543383015636,59.22330097087379,0.7574866750690605,37.2,0.0,6.27276406313233,62.08012950222581,89.19465803318494
2025-08-29,2596.0,5.058680696074469,8.031627132750717,1.4062500000000089,4.761904761904767,6.45452308701715,8.433986564098994,61.740890688259114,2.141498791297341,29.1,5.0,18.066255778120176,71.03235747303545,87.78890600924498
2025-09-01,2676.0,3.081664098613257,11.872909698996658,9.58230958230959,10.396039603960405,9.17101827676241,11.341493013418402,53.562653562653566,1.440530139947359,28.9,1.3,17.71300448430493,75.8221225710015,75.8221225710015
2025-09-02,2616.0,-2.2421524663677084,7.521578298397036,5.7824504650222375,9.823677581863976,6.216249137195984,8.505696272536213,52.278177458033575,1.1699103026837723,46.5,0.0,21.368501529051986,69.72477064220183,106.80428134556577
2025-09-03,2623.0,0.26758409785931914,8.612836438923388,11.23833757421544,10.675105485232073,5.9562521459877615,8.4130690859493,54.15647921760391,1.0501088211764007,39.2,0.0,32.86313381624095,72.32176896683187,135.60808234845595
2025-09-04,2626.0,0.11437285550894849,6.27276406313233,13.926247288503246,12.558936990998703,5.453377238776014,8.16896767151125,54.044117647058826,0.5458744837524337,40.5,0.0,52.513328255902515,72.50571210967252,140.67022086824065
2025-09-05,3065.0,16.717440974866715,18.066255778120176,27.54889721181857,33.26086956521739,21.220510589491592,25.49902753608353,77.39665787159191,3.095335755126994,7.0,8.0,44.86133768352365,57.25938009787927,92.49592169657423
2025-09-08,3150.0,2.7732463295269127,17.71300448430493,31.688963210702337,33.24873096446701,22.675494109629057,28.051383158194287,78.42149454240135,2.404940510507794,14.3,6.4,49.36507936507937,57.14285714285714,86.66666666666667
2025-09-09,3175.0,0.7936507936507908,21.368501529051986,30.497328401150845,21.275783040488918,22.322391739867477,28.056896250386522,87.10263396911898,1.3435254059383344,14.9,0.8,39.84251968503938,54.01574803149607,95.90551181102363
2025-09-10,3485.0,9.763779527559047,32.86313381624095,44.306418219461705,35.18231186966641,31.960090119085937,39.17916905177119,93.44624447717231,1.4076204985530372,3.5,1.1,29.69870875179339,26.11190817790532,76.75753228120516
2025-09-11,4005.0,14.92109038737446,52.513328255902515,62.08012950222581,56.75146771037183,47.59807624979271,57.92690540815859,95.0,2.3884063735636847,7.0,6.3,13.108614232209748,16.729088639200995,49.812734082397014
2025-09-12,4440.0,10.861423220973787,44.86133768352365,71.03235747303545,73.4375,58.150634917807984,72.36805497143375,96.46098003629764,3.125612766563673,7.0,8.0,8.558558558558559,9.797297297297302,42.342342342342334
2025-09-16,4705.0,5.9684684684684575,49.36507936507937,75.8221225710015,92.66994266994266,61.09703485585154,79.63157392383316,96.78747940691927,2.647510020533967,7.1,7.7,5.207226354941552,0.0,46.227417640807644
2025-09-17,4440.0,-5.632306057385761,39.84251968503938,69.72477064220183,79.53902143145977,47.07100150714653,67.22009151910413,87.85046728971963,1.9551394388207763,24.7,4.0,10.135135135135132,21.84684684684686,47.74774774774775
2025-09-18,4520.0,1.8018018018018056,29.69870875179339,72.32176896683187,91.68787107718406,44.54517836299387,68.15788984170092,87.95850314931457,2.1152146213407734,16.4,4.9,-2.765486725663713,36.72566371681416,58.1858407079646
2025-09-19,4530.0,0.22123893805310324,13.108614232209748,72.50571210967252,96.52928416485899,39.88821295123983,66.48495020152151,87.42260061919505,1.5867380419708377,17.6,2.1,3.2008830022075108,39.51434878587197,55.4083885209713
2025-09-22,4820.0,6.4017660044150215,8.558558558558559,57.25938009787927,100.58260507698708,43.488680172067326,74.69253630367024,88.36793128131711,1.5066861702094423,7.1,1.6,1.1410788381742698,22.406639004149387,51.65975103734439
2025-09-24,4950.0,2.6970954356846377,5.207226354941552,57.14285714285714,106.93979933110369,41.95380049038584,76.81939417031816,90.74720670391062,1.3454576364633428,15.8,0.8,-4.949494949494948,18.787878787878796,48.88888888888889
2025-09-25,4890.0,-1.2121212121212088,10.135135135135132,54.01574803149607,100.98643649815044,35.46081608908833,72.2488038277512,88.85841618100788,0.8057730364546557,18.2,0.0,10.633946830265838,27.198364008179965,79.55010224948876
2025-09-26,4395.0,-10.122699386503065,-2.765486725663713,26.11190817790532,81.98757763975155,18.498746258998633,53.11188141232213,75.94602522733939,1.1816913518161023,22.2,7.8,40.61433447098977,40.15927189988624,123.20819112627986
2025-09-29,4675.0,6.3708759954493654,3.2008830022075108,16.729088639200995,89.19465803318494,22.411039250085096,60.70906788740626,74.76923076923077,0.868844831482121,6.9,0.0,35.18716577540106,28.342245989304814,100.64171122994652
2025-09-30,4875.0,4.278074866310155,1.1410788381742698,9.797297297297302,87.78890600924498,23.949606539454106,65.25237002971718,75.63150074294205,1.5430526341396984,16.1,1.8,21.02564102564102,29.641025641025642,106.76923076923077
2025-10-01,4705.0,-3.4871794871794926,-4.949494949494948,0.0,75.8221225710015,16.61915974718058,57.569533207932636,71.7948717948718,1.043784038766671,30.0,0.0,24.973432518597228,46.227417640807644,131.6684378320935
2025-10-02,5410.0,14.984059511158332,10.633946830265838,21.84684684684686,106.80428134556577,29.605672943318485,78.16662915982855,74.64788732394366,0.7481435214102298,1.6,0.0,14.972273567467642,21.25693160813309,100.09242144177448
2025-10-03,6180.0,14.23290203327172,40.61433447098977,36.72566371681416,135.60808234845595,42.00204501326961,99.45242027013217,76.17328519855596,1.4465390317121638,3.8,1.3,-0.3236245954692518,15.695792880258907,74.11003236245955
2025-10-06,6320.0,2.265372168284796,35.18716577540106,39.51434878587197,140.67022086824065,39.30677246927867,99.92091735863977,74.35233160621762,0.9730797406191497,9.4,0.0,-5.063291139240511,11.392405063291132,66.8512658227848
2025-10-07,5900.0,-6.645569620253166,21.02564102564102,22.406639004149387,92.49592169657423,26.108795554130594,83.54617430664658,64.88169364881693,0.6914801996636757,18.1,0.0,7.118644067796609,23.89830508474575,94.91525423728812
2025-10-08,5880.0,-0.3389830508474523,24.973432518597228,18.787878787878796,86.66666666666667,22.118380062305288,79.82567918854171,69.09814323607426,0.7806894893537041,14.3,0.0,17.006802721088434,25.34013605442176,104.76190476190474
2025-10-09,6220.0,5.782312925170063,14.972273567467642,27.198364008179965,95.90551181102363,25.220192259298415,86.67280239293325,71.09181141439205,0.8604677453512277,0.8,0.0,5.466237942122176,41.15755627009647,114.14790996784565
2025-10-10,6160.0,-0.9646302250803873,-0.3236245954692518,40.15927189988624,76.75753228120516,20.760635169574606,81.49230278180167,69.97549019607843,0.5593512001634505,24.6,0.0,16.07142857142858,59.25324675324675,114.20454545454545
2025-10-14,6000.0,-2.5974025974025983,-5.063291139240511,28.342245989304814,49.812734082397014,15.367975772725085,73.74936653876783,64.9367088607595,1.0164511407632195,31.6,0.0,17.333333333333336,56.33333333333332,120.66666666666666
2025-10-15,6320.0,5.333333333333323,7.118644067796609,29.641025641025642,42.342342342342334,19.363520468388494,79.66199665502718,66.54589371980677,0.7100226539611444,5.4,0.0,15.664556962025312,59.493670886075954,106.09177215189875
2025-10-16,6880.0,8.860759493670889,17.006802721088434,46.227417640807644,46.227417640807644,27.324882020912366,91.52875019138955,71.44396551724138,1.1657121649438507,2.1,0.0,7.1220930232558155,58.43023255813953,45.712209302325576
2025-10-17,6560.0,-4.651162790697672,5.466237942122176,21.25693160813309,47.74774774774775,19.067065976948918,79.12403975679905,74.2441209406495,0.6186221221573589,23.0,0.0,33.84146341463414,65.01524390243902,70.19817073170731
2025-10-20,7150.0,8.993902439024382,16.07142857142858,15.695792880258907,58.1858407079646,26.75057613898244,91.1015288122305,75.91623036649214,1.256447600782792,2.7,0.3,37.2027972027972,50.489510489510494,43.49650349650349
2025-10-21,7040.0,-1.538461538461533,17.333333333333336,11.392405063291132,55.4083885209713,22.084453307899075,84.45978698038803,73.10565635005337,1.0542008953373765,18.4,0.0,33.23863636363635,49.78693181818181,53.90625
2025-10-22,7310.0,3.8352272727272707,15.664556962025312,23.89830508474575,51.65975103734439,24.087591240875916,87.64679960810655,77.22048066875652,0.9735481991610055,5.9,0.0,37.893296853625166,57.31874145006839,55.06155950752394
2025-10-23,7370.0,0.8207934336525335,7.1220930232558155,25.34013605442176,48.88888888888889,22.58815701929475,85.29226901319925,73.67149758454106,0.5772056424711834,15.6,0.0,47.89687924016282,63.364993215739474,36.0922659430122
2025-10-24,8780.0,19.131614654002703,33.84146341463414,41.15755627009647,79.55010224948876,41.46459357125594,115.04147345046043,77.19665271966527,1.7056470194813405,5.3,2.7,23.29157175398633,51.70842824601367,12.220956719817778
2025-10-27,9810.0,11.731207289293843,37.2027972027972,59.25324675324675,123.20819112627986,51.45316299355436,133.2400795695005,80.77601410934744,1.466563067729682,3.9,1.4,9.683995922528045,34.50560652395516,-14.515800203873596
2025-10-28,9380.0,-4.383282364933738,33.23863636363635,56.33333333333332,100.64171122994652,39.739292364990696,117.05761205772775,80.63380281690141,0.8960447451120657,18.6,0.0,12.420042643923246,41.15138592750534,-3.528784648187633
2025-10-29,10080.0,7.462686567164178,37.893296853625166,59.493670886075954,106.76923076923077,44.56276218134882,126.61191211294627,83.01886792452831,1.390106713024748,3.4,1.0,14.087301587301582,29.21626984126984,-6.686507936507935
2025-10-30,10900.0,8.13492063492063,47.89687924016282,58.43023255813953,131.6684378320935,49.67387572948849,137.50381313461455,84.21052631578948,1.4226545757794808,3.6,1.2,10.45871559633027,-8.027522935779817,-18.51376146788991
2025-10-31,10825.0,-0.6880733944954143,23.29157175398633,65.01524390243902,100.09242144177448,43.31579121570186,128.85270624050852,84.02625820568927,1.0795183834847175,16.7,0.0,23.048498845265584,3.140877598152425,-14.854503464203228
2025-11-04,10760.0,-0.6004618937644368,9.683995922528045,50.489510489510494,74.11003236245955,38.26335571332198,120.94682696947609,85.20710059171597,1.3944655306764981,20.5,1.0,22.630111524163567,-4.6468401486988835,-16.254646840148702
2025-11-05,10545.0,-1.9981412639405227,12.420042643923246,49.78693181818181,66.8512658227848,31.919684743854383,110.61286446145088,81.74305033809165,1.4678792075001026,22.3,1.4,25.55713608345187,2.7501185395922167,-13.987671882408726
2025-11-06,11500.0,9.056424845898526,14.087301587301582,57.31874145006839,94.91525423728812,38.99800568078806,122.86173851535325,82.76595744680851,0.8196814098877268,0.1,0.0,13.260869565217392,-1.4347826086956506,-18.000000000000004
2025-11-07,12040.0,4.695652173913034,10.45871559633027,63.364993215739474,104.76190476190474,40.30181203752259,126.25553972156536,87.68913342503438,1.4013645635151588,8.1,1.1,-16.7358803986711,-16.69435215946844,-15.697674418604645
2025-11-10,13320.0,10.6312292358804,23.048498845265584,51.70842824601367,114.14790996784565,49.0516421417781,142.19135905353846,88.75628140703517,1.4179991001245025,3.6,1.2,-16.178678678678683,-26.028528528528525,-25.870870870870867
2025-11-11,13195.0,-0.9384384384384381,22.630111524163567,34.50560652395516,114.20454545454545,42.061206362877826,132.44001832039552,88.58934169278997,1.9776486456719287,22.5,4.1,-22.243273967411902,-36.44562334217507,-28.23039029935581
2025-11-12,13240.0,0.34103827207274673,25.55713608345187,41.15138592750534,120.66666666666666,37.19851817310433,126.13859244098164,88.25806451612902,0.869112706747361,13.1,0.0,-18.164652567975825,-31.65407854984894,-27.416918429003022
2025-11-13,13025.0,-1.6238670694864066,13.260869565217392,29.21626984126984,106.09177215189875,30.439136748285023,116.03078335001133,85.7685009487666,1.0149461398206787,18.4,0.0,-12.975047984644917,-27.785028790786946,-24.06909788867563
2025-11-14,10025.0,-23.032629558541263,-16.7358803986711,-8.027522935779817,45.712209302325576,-1.1609277562791176,62.85939399518596,56.55608214849921,0.21039600408316728,36.5,20.0,0.04987531172069293,-11.401496259351617,-8.22942643391521
2025-11-17,11165.0,11.37157107231921,-16.178678678678683,3.140877598152425,70.19817073170731,7.635206786850479,77.20862685137912,57.05361790733992,1.7945509390212564,30.2,3.2,-11.751007613076581,-17.447380206000894,-22.18540080609046
2025-11-18,10260.0,-8.105687416032248,-22.243273967411902,-4.6468401486988835,43.49650349650349,-2.5502208291779405,59.5103787982826,54.36507936507936,1.4945042072925712,54.4,4.3,-18.265107212475627,-12.173489278752436,-9.35672514619883
2025-11-19,10835.0,5.604288499025345,-18.164652567975825,2.7501185395922167,53.90625,1.089263639120186,64.80716724847322,53.792064289301855,1.4676240557777418,38.6,1.4,-16.4836179049377,-16.289801568989382,-12.228887863405635
2025-11-20,11335.0,4.61467466543608,-12.975047984644917,-1.4347826086956506,55.06155950752394,3.80511928201841,68.59489381322929,52.25739491437467,1.9161366519836571,44.9,3.8,-17.018085575650645,-16.80635200705779,-17.60035288928099
2025-11-21,10030.0,-11.513012792236433,0.04987531172069293,-16.69435215946844,36.0922659430122,-9.251300610721557,46.41231439964382,46.34146341463415,1.8593751575647655,60.4,14.8,-11.445663010967099,1.1964107676968982,0.9471585244267278
2025-11-25,9853.0,-1.764705882352946,-11.751007613076581,-26.028528528528525,12.220956719817778,-11.283388032756624,41.2781902779537,45.868634417418235,0.9766126016886574,68.0,0.0,-6.454886836496499,0.21313305592205456,1.0047701207754
2025-11-26,8386.0,-14.88886633512636,-18.265107212475627,-36.44562334217507,-14.515800203873596,-24.005092909347127,18.55181870873801,41.172622454820505,1.736121115169824,35.7,38.3,7.452897686620563,12.926305747674704,26.460767946577633
2025-11-27,9049.0,7.906033865967088,-16.4836179049377,-31.65407854984894,-3.528784648187633,-17.873738473825597,25.972157772621806,39.7336014073888,1.5035566712024448,48.0,6.6,0.23206984197148284,6.199580064095489,19.294949718200915
2025-11-28,9406.0,3.945187313515297,-17.018085575650645,-27.785028790786946,-6.686507936507935,-14.37180806030206,28.905232863570962,38.79530372639101,1.1565836825436933,55.5,0.0,0.25515628322347883,5.145651711673405,21.358707208164994
2025-12-01,8882.0,-5.570912183712529,-11.445663010967099,-11.401496259351617,-18.51376146788991,-18.39247321707491,20.022701884616765,29.823604291689392,1.1913997440264972,67.0,6.1,14.276063949560914,3.580274712902498,20.186894843503712
2025-12-02,9217.0,3.7716730466111237,-6.454886836496499,-17.447380206000894,-14.854503464203228,-14.684266064387131,22.725063634971598,32.25374732334048,1.1348033875891792,60.0,0.0,7.128132798090481,-5.739394596940439,13.214711945318424
2025-12-03,9011.0,-2.2350005424758623,7.452897686620563,-12.173489278752436,-16.254646840148702,-15.910395251937537,18.305051367052872,31.401178643680183,1.0861139954451962,64.7,1.6,5.093774275885021,3.2071912107424216,25.957163466873823
2025-12-04,9070.0,0.6547552990789018,0.23206984197148284,-16.289801568989382,-13.987671882408726,-14.773261167803653,17.423923667976425,32.36422010166771,0.8380339891227491,63.8,0.0,5.953693495038581,4.851157662624028,27.894156560088202
2025-12-05,9430.0,3.969128996692395,0.25515628322347883,-16.80635200705779,-18.000000000000004,-10.520272898934413,20.430638508005284,46.52980286947393,0.8010201416275037,52.2,0.0,4.878048780487809,-0.9544008483563071,34.57051961823967
2025-12-08,10150.0,7.635206786850479,14.276063949560914,1.1964107676968982,-15.697674418604645,-2.816874437486838,27.72275981829393,43.77529743652643,0.7693121247454137,40.5,0.0,-9.35960591133005,-0.24630541871921707,28.078817733990146
2025-12-09,9874.0,-2.7192118226600948,7.128132798090481,0.21313305592205456,-25.870870870870867,-3.8736747826594864,22.52824639668427,47.43487506645401,0.5891586596980565,60.5,0.0,-12.011342920802104,0.7899534130038521,28.51934373101073
2025-12-10,9470.0,-4.09155357504557,5.093774275885021,12.926305747674704,-28.23039029935581,-6.1042173781560845,16.078104507066413,40.71807425540596,0.7079247059577486,65.8,0.0,-1.7951425554382228,11.985216473072867,44.508975712777186
2025-12-11,9610.0,1.4783526927138357,5.953693495038581,6.199580064095489,-27.416918429003022,-2.96996713498886,16.460615265914356,37.66623766623767,0.8531451530739564,58.1,0.0,-1.0405827263267442,12.330905306971896,38.189386056191466
2025-12-12,9890.0,2.913631633714875,4.878048780487809,5.145651711673405,-24.06909788867563,1.462954223690427,18.54888493326381,48.82707774798928,0.6443722506863405,43.8,0.0,-5.56117290192113,15.419615773508589,37.8159757330637
2025-12-15,9200.0,-6.976744186046513,-9.35960591133005,3.580274712902498,-8.22942643391521,-5.214734987610948,9.296542110848872,44.96219719179139,0.730467598325373,68.0,0.0,10.054347826086962,16.032608695652172,60.32608695652173
2025-12-16,8688.0,-5.565217391304344,-12.011342920802104,-5.739394596940439,-22.18540080609046,-9.332832409755476,2.3530520561716672,52.73253709735795,0.8792436512719028,63.8,0.0,14.548802946592998,20.108195211786374,75.06906077348066
2025-12-17,9300.0,7.044198895027631,-1.7951425554382228,3.2071912107424216,-9.35672514619883,-2.4574431263962637,8.544261937923592,52.29223744292237,1.0514207304150418,46.2,0.0,14.032258064516135,22.043010752688176,63.49462365591398
2025-12-18,9510.0,2.2580645161290214,-1.0405827263267442,4.851157662624028,-12.228887863405635,0.4430690585706776,9.930335069819062,50.97597597597598,1.0056175337924702,50.6,0.0,13.512092534174558,21.97686645636172,73.50157728706625
2025-12-19,9340.0,-1.7875920084121977,-5.56117290192113,-0.9544008483563071,-17.60035288928099,-0.3020825549992945,7.033171879536115,54.60394049055087,1.0636605923420492,59.5,0.0,22.216274089935762,35.86723768736617,91.7558886509636
2025-12-22,10125.0,8.404710920770885,10.054347826086962,-0.24630541871921707,0.9471585244267278,8.022468673484084,14.893399728794844,58.37020648967552,0.7957864858730229,18.5,0.0,5.432098765432092,28.395061728395056,71.20987654320987
2025-12-23,9952.0,-1.7086419753086446,14.548802946592998,0.7899534130038521,1.0047701207754,6.120708040093836,11.859396455312998,58.72750881098127,0.8380049899340279,36.6,0.0,4.853295819935699,27.5120578778135,75.34163987138263
2025-12-24,10605.0,6.561495176848875,14.032258064516135,11.985216473072867,26.460767946577633,11.761575306013828,17.828314719928606,62.82372598162072,0.7150171719304007,8.6,0.0,7.02498821310702,29.04290429042904,73.97454031117397
2025-12-25,10795.0,1.7916077322017943,13.512092534174558,12.330905306971896,19.294949718200915,12.726798068137324,18.595312949172648,61.736887360275155,0.9978056298423276,18.6,0.0,7.457156090782768,23.01991662806855,75.49791570171377
2025-12-26,11415.0,5.743399722093567,22.216274089935762,15.419615773508589,21.358707208164994,17.96376864013558,23.922754996987415,61.0673665791776,0.890953133168651,3.5,0.0,11.16951379763469,19.40429259745948,68.5939553219448
2025-12-29,10675.0,-6.482698204117387,5.432098765432092,16.032608695652172,20.186894843503712,9.303885279556834,14.650776063137583,56.481631331930735,0.9990870789034907,40.1,0.0,21.779859484777518,38.17330210772833,100.09367681498831
2025-12-30,10435.0,-2.2482435597189654,4.853295819935699,20.108195211786374,13.214711945318424,6.1843343763514635,11.074052916736154,58.02161263507897,0.7311296458778103,42.8,0.0,21.609966459032105,45.75946334451366,75.9463344513656
2026-01-05,11350.0,8.768567321514142,7.02498821310702,22.043010752688176,25.957163466873823,14.13688381166911,19.71563581132394,62.81296023564065,1.034990105084603,10.7,0.0,20.572687224669608,33.96475770925109,83.12775330396475
2026-01-06,11600.0,2.2026431718061623,7.457156090782768,21.97686645636172,27.894156560088202,15.185637542574003,21.227322130256688,62.64792899408284,1.0088272003319863,17.4,0.0,14.482758620689662,42.24137931034482,80.17241379310344
2026-01-07,12690.0,9.396551724137936,11.16951379763469,35.86723768736617,34.57051961823967,24.00207158701153,31.06841240932454,74.37150837988827,1.6083974186275563,5.9,2.2,7.407407407407418,41.134751773049636,53.90070921985814
2026-01-08,13000.0,2.4428684003152012,21.779859484777518,28.395061728395056,28.078817733990146,25.286713825870734,32.64448896159773,80.98591549295774,0.8289082806186806,8.2,0.0,13.461538461538458,33.34615384615385,46.884615384615394
2026-01-09,12690.0,-2.384615384615385,21.609966459032105,27.5120578778135,28.51934373101073,20.661785680327082,28.072288345993645,75.4657451923077,0.8909897819626666,18.5,0.0,19.8581560283688,37.509850275807736,48.93617021276595
2026-01-13,13685.0,7.840819542947197,20.572687224669608,29.04290429042904,44.508975712777186,27.566358276432613,36.387872425597934,78.05402499664024,0.7724253766300466,0.0,0.0,11.107051516258682,34.819145049324085,37.70551698940445
2026-01-14,13280.0,-2.959444647424192,14.482758620689662,23.01991662806855,38.189386056191466,21.709245045251468,30.770228109362495,75.66440854611777,0.8290712179506965,18.2,0.0,24.24698795180722,42.658132530120476,59.45030120481927
2026-01-15,13630.0,2.6355421686746983,7.407407407407418,19.40429259745948,37.8159757330637,22.812155069492945,32.62560754302062,74.20245822400221,0.6514924453277067,11.3,0.0,31.4013206162876,41.19589141599413,67.60821716801173
2026-01-16,14750.0,8.217168011738817,13.461538461538458,38.17330210772833,60.32608695652173,29.661780541942285,41.71495917488266,79.29897410845139,1.08717302616675,1.7,0.0,17.52542372881356,44.8135593220339,51.1864406779661
2026-01-19,15210.0,3.1186440677966054,19.8581560283688,45.75946334451366,75.06906077348066,29.979447694168005,44.138054120475154,78.79924953095684,0.8227478465100053,6.6,0.0,14.727153188691645,20.710059171597628,47.07429322813938
2026-01-20,15205.0,-0.032873109796183186,11.107051516258682,33.96475770925109,63.49462365591398,26.738961915796324,42.28054360743483,78.23303457106275,0.945981887838651,15.7,0.0,21.341663926340026,36.698454455771135,40.87471226570207
2026-01-21,16500.0,8.516935218678068,24.24698795180722,42.24137931034482,73.50157728706625,33.640030453728144,52.15366598120672,79.96464348850913,1.3168088756006862,3.0,0.6,14.81818181818182,26.66666666666666,28.787878787878785
2026-01-22,17910.0,8.545454545454545,31.4013206162876,41.134751773049636,91.7558886509636,40.194597302565136,62.5084308998908,89.51392681594757,1.266856187963833,2.7,0.4,7.453936348408718,9.045226130653262,14.796203238414286
2026-01-23,17335.0,-3.21049692908989,17.52542372881356,33.34615384615385,71.20987654320987,31.969609306008095,54.95595353556122,86.3540569020021,0.8748100138280251,18.4,0.0,23.218921257571388,10.152869916354202,28.468416498413607
2026-01-26,17450.0,0.6633977502163324,14.727153188691645,37.509850275807736,75.34163987138263,29.15880241293809,53.99481977311136,85.09781357882623,0.9129371678434324,12.7,0.0,5.214899713467047,8.309455587392556,23.008595988538683
2026-01-27,18450.0,5.730659025787976,21.341663926340026,34.819145049324085,73.97454031117397,32.70755785725845,60.77660765714934,86.28177966101696,0.8622101532395486,1.0,0.0,12.65582655826558,2.1409214092140916,15.121951219512187
2026-01-28,18945.0,2.682926829268295,14.81818181818182,42.658132530120476,75.49791570171377,32.38762425534145,62.828141607625284,85.35895986433013,1.060586868807361,9.0,0.0,10.319345473739784,11.770915808920556,11.955661124307216
2026-01-29,19245.0,1.5835312747426666,7.453936348408718,41.19589141599413,68.5939553219448,30.902783682214707,63.26317084309514,85.34238822863611,1.1288011191294793,15.6,0.0,1.480904130943106,18.706157443491822,11.795271499090676
2026-01-30,21360.0,10.989867498051442,23.218921257571388,44.8135593220339,100.09367681498831,40.19427671304805,78.56471089821562,90.74248120300751,1.3815732282492115,3.4,1.0,-10.60393258426966,4.400749063670406,-5.4307116104868935
2026-02-02,18360.0,-14.04494382022472,5.214899713467047,20.710059171597628,75.9463344513656,17.4495034304083,51.89077542060894,68.48556741795176,1.4559755547945532,9.0,19.0,2.941176470588225,21.840958605664483,4.820261437908502
2026-02-03,20785.0,13.208061002178638,12.65582655826558,36.698454455771135,83.12775330396475,29.067312468951823,69.60816447544687,75.58813501534266,1.1039233727051274,2.0,0.0,-9.333654077459707,3.0550878037046036,-2.333413519364924
2026-02-04,20900.0,0.5532836179937384,10.319345473739784,26.66666666666666,80.17241379310344,26.139175568833362,68.17812396900374,75.19057519057519,0.9096329794174263,14.7,0.0,1.3157894736842035,1.674641148325362,-4.425837320574166
2026-02-05,19530.0,-6.55502392344498,1.480904130943106,9.045226130653262,53.90070921985814,15.48696114954764,55.479601097565514,66.28065395095368,1.0142578660303998,29.0,0.0,16.97388632872503,5.273937532002049,-7.68049155145929
2026-02-06,19095.0,-2.2273425499231947,-10.60393258426966,10.152869916354202,46.884615384615394,10.915876450343443,50.60672544408411,63.25486182190378,1.0195518047469483,38.8,0.0,16.784498559832418,16.627389368944744,2.487562189054726
2026-02-09,18900.0,-1.021209740769835,2.941176470588225,8.309455587392556,48.93617021276595,7.838242636045933,47.98323900598065,62.445267766924886,0.8324771786250721,37.1,0.0,18.359788359788354,13.571428571428568,13.121693121693113
2026-02-10,18845.0,-0.29100529100528627,-9.333654077459707,2.1409214092140916,37.70551698940445,5.96454728200515,46.472647946183244,58.618155090040425,0.7997086956784215,43.4,0.0,13.664101883788792,12.708941363756953,12.735473600424507
2026-02-12,21175.0,12.364022287078802,1.3157894736842035,11.770915808920556,59.45030120481927,16.48055448594532,62.908007303612834,61.239242685025815,1.0477386850564836,12.2,0.0,0.35419126328217754,0.16528925619834212,-0.5194805194805197
2026-02-13,22845.0,7.886658795749701,16.97388632872503,18.706157443491822,67.60821716801173,22.560656661167666,73.57048428026562,67.63764404609475,1.6148869178932874,4.8,2.2,-10.002188662727074,-5.821842854016202,-1.0067848544539237
2026-02-16,22300.0,-2.3856423725103992,16.784498559832418,4.400749063670406,51.1864406779661,17.26195953673639,66.83645413930222,65.10903426791278,0.7539854423086705,18.0,0.0,-0.1345291479820654,-9.4170403587444,-3.0941704035874484
2026-02-17,22370.0,0.3139013452914785,18.359788359788354,21.840958605664483,47.07429322813938,15.456574753874142,65.05408343458095,62.96296296296296,0.5550971243538919,16.2,0.0,-4.04559678140367,-13.969602145730885,4.559678140366552
2026-02-18,21420.0,-4.246759052302195,13.664101883788792,3.0550878037046036,40.87471226570207,8.808290155440424,55.9050303997826,57.94542536115569,0.5118751451605634,33.7,0.0,-0.8403361344537785,-5.228758169934644,4.388422035480866
2026-02-19,21250.0,-0.7936507936507908,0.35419126328217754,1.674641148325362,28.787878787878785,6.657966722714392,52.737962751104206,56.49077371317578,0.7142052709448459,43.3,0.0,-0.1882352941176446,-6.000000000000005,1.0117647058823565
2026-02-20,20560.0,-3.247058823529414,-10.002188662727074,5.273937532002049,14.796203238414286,2.512963701635429,46.16321559074299,47.14693295292439,0.8274459203036053,59.2,0.0,4.644941634241251,-12.305447470817121,2.6264591439688623
2026-02-24,22270.0,8.317120622568087,-0.1345291479820654,16.627389368944744,28.468416498413607,9.689574072477857,56.05656437304083,65.35742340926944,0.9821819959104043,20.1,0.0,-9.295015716210154,-12.123933542882803,0.7858105074090682
2026-02-25,21465.0,-3.6147283340817293,-4.04559678140367,13.571428571428568,23.008595988538683,4.689443265783888,48.402931415929196,53.060306030603066,0.8631713748283604,52.8,0.0,-10.342417889587697,-0.395993477754486,-1.3976240391334716
2026-02-26,21240.0,-1.0482180293501009,-0.8403361344537785,12.708941363756953,15.121951219512187,2.8920215085016743,44.70406293218756,51.515151515151516,0.8509845247509668,53.2,0.0,-4.425612052730699,0.02354048964219313,-4.566854990583802
2026-02-27,21210.0,-0.14124293785310327,-0.1882352941176446,0.16528925619834212,11.955661124307216,2.1860885275519326,42.531542075700976,58.50202429149798,0.6091516218584628,47.2,0.0,-5.822725129655826,-0.6836397925506832,-5.610561056105611
2026-03-02,21515.0,1.438000942951434,4.644941634241251,-5.821842854016202,11.795271499090676,3.0917955413936493,42.64655831613191,62.41025641025641,0.6279168879243123,36.9,0.0,-16.198001394376014,5.112712061352553,-11.317685335812222
2026-03-03,20200.0,-6.112014873344174,-9.295015716210154,-9.4170403587444,-5.4307116104868935,-2.939445265294849,32.273688667899194,55.979760809567615,1.1362006212430196,63.3,0.0,-3.1188118811881216,6.980198019801986,7.920792079207928
2026-03-04,19245.0,-4.727722772277232,-10.342417889587697,-13.969602145730885,4.820261437908502,-7.724395857307254,24.655892735693243,51.69923534409516,1.2828318833628072,66.8,0.4,11.09379059495974,21.53806183424265,9.612886464016634
2026-03-05,20300.0,5.481943361912189,-4.425612052730699,-5.228758169934644,-2.333413519364924,-2.5525939971437817,29.906281896631715,45.8313482610767,0.9803173889600233,51.1,0.0,4.655172413793096,10.147783251231534,7.635467980295574
2026-03-06,19975.0,-1.6009852216748777,-5.822725129655826,-6.000000000000005,-4.425837320574166,-3.89935291429121,26.356873560891692,34.31693989071039,0.9571103863187417,71.0,0.0,5.456821026282843,7.4593241551939915,14.142678347934922
2026-03-09,18030.0,-9.737171464330407,-16.198001394376014,-12.305447470817121,-7.68049155145929,-12.9427102194539,13.028469215466654,29.763033175355446,1.3881302461720915,63.9,8.0,25.42983915696062,17.027176927343323,29.062673322240705
2026-03-10,19570.0,8.54132002218524,-3.1188118811881216,-12.123933542882803,2.487562189054726,-5.615105441479673,21.486895307307428,38.35274542429284,1.0266516601201026,54.3,0.0,10.42411854879919,14.690853346959631,41.03219213081246
2026-03-11,21380.0,9.248850281042408,11.09379059495974,-0.395993477754486,13.121693121693113,2.5014083156544853,31.161620809177638,49.84472049689441,0.9264041748904426,31.4,0.0,9.40130963517305,-1.005612722170257,29.56033676333021
2026-03-12,21245.0,-0.6314312441534131,4.655172413793096,0.02354048964219313,12.735473600424507,1.2715550629818884,28.782942094655017,49.98053717399767,1.1737326001683037,53.7,0.0,5.248293716168506,-4.589315132972461,41.868674982348786
2026-03-13,21065.0,-0.8472581783949162,5.456821026282843,-0.6836397925506832,-0.5194805194805197,0.439856480432943,26.230949004254622,52.04702067288204,0.8330385535045974,51.6,0.0,1.898884405411816,-4.960835509138384,48.44528839306908
2026-03-16,22615.0,7.358177070970795,25.42983915696062,5.112712061352553,-1.0067848544539237,7.889558113185036,33.81854761165106,51.41683778234087,1.2113110784652852,23.3,0.1,-6.6990935219986785,-15.631218217996901,54.76453681185054
2026-03-17,21610.0,-4.44395312845457,10.42411854879919,6.980198019801986,-3.0941704035874484,3.2649599197199786,26.325634867667922,50.58585858585859,1.286720590138698,50.4,0.5,3.863951874132354,0.8792225821379063,49.97686256362795
2026-03-18,23390.0,8.236927348449786,9.40130963517305,21.53806183424265,4.559678140366552,11.499088319767381,34.800119489346336,57.71715721464465,1.3507524526113752,17.7,0.8,-9.512612227447626,-9.811885421120136,44.80547242411286
2026-03-19,22360.0,-4.40359127832407,5.248293716168506,10.147783251231534,4.388422035480866,6.35084840485618,27.267570200643743,53.85130609511051,1.1967626457543625,47.1,0.0,-9.347048300536676,-2.280858676207509,36.53846153846154
2026-03-23,21465.0,-4.002683363148485,1.898884405411816,7.4593241551939915,1.0117647058823565,2.041786503767451,20.803442790250926,49.8389175257732,1.177517105473201,57.6,0.0,-6.731889121826229,6.219426974143949,42.1383647798742
2026-03-24,21100.0,-1.7004425809457269,-6.6990935219986785,17.027176927343323,2.6264591439688623,0.17804154302669684,17.453649412917315,53.088538091969795,1.550378690156178,62.4,1.9,-9.57345971563981,10.28436018957346,55.16587677725118
2026-03-25,22445.0,6.374407582938391,3.863951874132354,14.690853346959631,0.7858105074090682,6.51954677582014,23.52869953182559,60.695187165775394,1.054044215935197,24.8,0.0,-2.873691245266208,22.967253285809754,55.04566718645578
2026-03-26,21165.0,-5.702829137892628,-9.512612227447626,-1.005612722170257,-1.3976240391334716,0.5164737310774603,15.298187315292733,52.848205465920316,1.0311047101332653,59.7,0.0,-0.3307347035199637,30.876446964327897,67.16276872194662
2026-03-27,20270.0,-4.228679423576665,-9.347048300536676,-4.589315132972461,-4.566854990583802,-3.5117992169556467,9.462050095853547,50.936210726753416,1.0943757952410529,66.2,0.0,7.794770596941292,48.692649235323124,70.59694129255057
2026-03-30,20020.0,-1.2333497779970393,-6.731889121826229,-4.960835509138384,-5.610561056105611,-4.431157733939594,7.221758554666402,57.07681365576102,0.8985327532597167,59.6,0.0,13.886113886113893,56.19380619380618,77.17282717282717
2026-03-31,19080.0,-4.695304695304692,-9.57345971563981,-15.631218217996901,-11.317685335812222,-8.385950591794112,1.4929607432887737,48.17979197622586,1.3813250331747242,69.5,1.0,21.960167714884694,83.43815513626835,90.35639412997905
2026-04-01,21800.0,14.25576519916143,-2.873691245266208,0.8792225821379063,7.920792079207928,4.273790447946801,14.829007492856118,51.46137787056367,0.9649868868634573,36.9,0.0,26.60550458715596,48.6697247706422,72.29357798165137
2026-04-02,21095.0,-3.2339449541284426,-0.3307347035199637,-9.811885421120136,9.612886464016634,0.45716462688698556,10.085279779429346,49.497991967871485,1.2575169837937192,62.0,0.3,31.31073714150272,60.559374259303155,72.60014221379474
2026-04-03,21850.0,3.5790471675752444,7.794770596941292,-2.280858676207509,7.635467980295574,3.669964178113072,12.993376398950218,52.52980986142443,0.797898669086133,35.1,0.0,37.94050343249429,39.725400457665906,98.67276887871854
2026-04-06,22800.0,4.347826086956519,13.886113886113893,6.219426974143949,14.142678347934922,7.457199750209131,16.77885005271269,50.62018102581295,0.7726176304352818,25.7,0.0,37.14912280701754,33.81578947368422,95.13157894736841
2026-04-07,23270.0,2.0614035087719307,21.960167714884694,10.28436018957346,29.062673322240705,8.334594210826474,18.119329117404437,55.77190542420028,1.077314778094042,28.1,0.0,50.408250966910195,40.69617533304684,97.42157284056725
2026-04-08,27600.0,18.607649333906306,26.60550458715596,22.967253285809754,41.03219213081246,26.135389888603267,38.38921968035098,62.43354991139988,1.363067494085871,4.8,0.9,17.427536231884066,26.086956521739136,67.02898550724639
2026-04-09,27700.0,0.36231884057971175,31.31073714150272,30.876446964327897,29.56033676333021,24.790233024361118,37.17002232520519,66.6875,1.2367840231181086,15.2,0.2,22.274368231046935,27.725631768953065,82.31046931407941
2026-04-10,30140.0,8.80866425992779,37.94050343249429,48.692649235323124,41.868674982348786,33.115449165268096,47.25305148645458,74.72214306070106,1.2094569561338282,2.4,0.1,1.293961512939612,14.731254147312534,60.78301260783012
2026-04-13,31270.0,3.7491705374917084,37.14912280701754,56.19380619380618,48.44528839306908,35.062466930859856,50.56818181818181,77.77170944838886,0.8910458474678543,5.6,0.0,-2.4304445155100773,13.431403901503035,42.14902462424048
2026-04-14,35000.0,11.928365845858657,50.408250966910195,83.43815513626835,54.76453681185054,47.23513450981216,65.68700934948124,80.33341386808408,1.1645331242025678,2.1,0.0,-6.457142857142861,3.771428571428581,47.0
2026-04-15,32410.0,-7.399999999999995,17.427536231884066,48.6697247706422,49.97686256362795,33.3113958414742,51.31778602609893,75.55101113383323,1.0305403352020541,18.3,1.0,7.374267201481022,15.890157358839874,53.56371490280778
2026-04-16,33870.0,4.504782474544888,22.274368231046935,60.559374259303155,44.80547242411286,36.3773630488615,55.871050875537854,80.1284891448826,1.1684938600781893,5.5,0.0,4.458222615884266,7.49926188367287,51.431945674638314
2026-04-17,30530.0,-9.861234130498964,1.293961512939612,39.725400457665906,36.53846153846154,20.939629218824287,38.86793597125302,70.47934528448948,1.0883604302281171,20.1,7.2,13.265640353750419,42.188011791680324,81.26433016704881
2026-04-20,30510.0,-0.06550933508024936,-2.4304445155100773,33.81578947368422,42.1383647798742,18.73327820207229,37.31851579583003,73.10024252223121,0.853637827186892,24.0,0.0,16.256964929531303,45.821042281219285,88.13503769255982
2026-04-21,32740.0,7.3090789904949105,-6.457142857142861,40.69617533304684,55.16587677725118,24.589727245916304,45.734030201753065,72.55670103092784,0.6501389483288953,10.0,0.0,10.93463653023825,40.31765424557116,99.9083689676237
2026-04-22,34800.0,6.291997556505802,7.374267201481022,26.086956521739136,55.04566718645578,29.387269482450918,52.922220594697514,76.76235110330013,0.8592917732333903,4.1,0.0,7.931034482758625,32.47126436781609,79.48275862068965
2026-04-23,35380.0,1.6666666666666607,4.458222615884266,27.725631768953065,67.16276872194662,28.157063037119535,53.455791459738464,76.60243806527723,0.9615495544182467,16.4,0.0,2.9112492933860867,42.736009044658,71.14188807235726
2026-04-24,34580.0,-2.2611644997173497,13.265640353750419,14.731254147312534,70.59694129255057,22.094819444076652,48.25718491418118,73.29905063291139,0.6768143089635542,18.0,0.0,25.534991324465018,40.13880855986118,77.21226142278775
2026-04-27,35470.0,2.573742047426264,16.256964929531303,13.431403901503035,77.17282717282717,21.912028802447182,50.298202311465154,73.73540856031128,0.6201831432690084,7.7,0.0,25.429940795038064,25.317169438962495,85.64984493938539
2026-04-28,36320.0,2.396391316605584,10.93463653023825,3.771428571428581,90.35639412997905,21.241456433024286,52.066207974544,69.62196219621961,0.699718021937167,9.5,0.0,26.486784140969167,41.657488986784145,99.61453744493392
2026-04-30,37560.0,3.4140969162995694,7.931034482758625,15.890157358839874,72.29357798165137,22.167199277925498,55.500048300511985,71.10445205479452,0.7962664873672094,9.2,0.0,22.73695420660278,32.507987220447276,106.44302449414269
2026-05-01,36410.0,-3.061767838125662,2.9112492933860867,7.49926188367287,72.60014221379474,15.548785325526415,48.88469375932829,64.20480289986406,0.5427264942549567,27.2,0.0,38.69815984619609,40.86789343586928,114.44658060972262
2026-05-07,43410.0,19.225487503433115,25.534991324465018,42.188011791680324,98.67276887871854,33.20649922518679,74.81299519777708,71.72512526843235,0.03750174601481328,0.0,0.0,11.633264224832995,27.48214697074407,77.19419488597097
2026-05-08,44490.0,2.4879060124395336,25.429940795038064,45.821042281219285,95.13157894736841,32.12365990556232,76.36973290827702,68.76235666271253,1.196457221037941,10.2,0.0,-0.08990784445942479,29.017756799280736,75.63497415149472
2026-05-11,45940.0,3.259159361654307,26.486784140969167,40.31765424557116,97.42157284056725,31.986841538218446,78.99456795254348,78.01242236024845,1.120813775587599,8.0,0.0,11.993905093600343,42.468437091858945,56.464954288201994
2026-05-12,46100.0,0.3482803656943867,22.73695420660278,32.47126436781609,67.02898550724639,29.01781341393448,76.52239396530818,76.76148796498906,0.8494105033515541,13.0,0.0,7.960954446854673,35.488069414316705,65.8351409978308
2026-05-13,50500.0,9.544468546637752,38.69815984619609,42.736009044658,82.31046931407941,36.96215233988311,89.54796251579566,91.7607695524885,0.9110101137085931,0.6,0.0,1.5643564356435657,19.900990099009896,39.6039603960396
2026-05-14,48460.0,-4.039603960396043,11.633264224832995,40.13880855986118,60.78301260783012,28.243466754879254,78.58250596534113,84.61241804859236,1.4627320203786411,22.8,1.4,14.197276104003297,26.454808089145686,55.674783326454815
2026-05-15,44450.0,-8.274865868757741,-0.08990784445942479,25.317169438962495,42.14902462424048,15.615205545368237,61.4964000896193,71.1295561169253,1.154566495436394,27.5,3.2,29.133858267716526,48.14398200224972,82.67716535433071
2026-05-18,51450.0,15.748031496062985,11.993905093600343,41.657488986784145,47.0,31.019379154040074,83.74617195475096,75.49770290964778,0.026863857725090142,0.7,0.0,27.210884353741505,40.91350826044704,76.6958211856171
2026-05-19,49770.0,-3.2653061224489743,7.960954446854673,32.507987220447276,53.56371490280778,24.000298976007173,74.88674996559305,71.31851851851852,1.6120654381262862,26.1,2.2,25.497287522603983,55.796664657424145,90.31545107494475
2026-05-20,51290.0,3.05404862366887,1.5643564356435657,40.86789343586928,51.431945674638314,25.073156457276635,77.22619750349136,74.2384682332463,1.0386059539377255,15.6,0.0,18.054201598752194,52.23240397738351,87.170988496783
2026-05-21,55340.0,7.896276077208042,14.197276104003297,27.48214697074407,81.26433016704881,30.986898943157737,87.55666268439202,76.40180706882805,1.7972989007470426,5.8,3.2,10.7336465486086,38.99530177087098,75.09938561619083
2026-05-22,57400.0,3.7224430791470864,29.133858267716526,29.017756799280736,88.13503769255982,31.67251622966991,90.64542110551095,77.13697219361484,0.833128416142054,5.3,0.0,14.721254355400703,36.13240418118466,89.19860627177701
2026-05-25,65450.0,14.02439024390243,27.210884353741505,42.468437091858945,99.9083689676237,44.70964104491637,112.11147330241955,80.54764512595838,1.2470816770457829,2.6,0.3,10.771581359816661,9.824293353705116,66.08097784568372
2026-05-26,62460.0,-4.56837280366692,25.497287522603983,35.488069414316705,79.48275862068965,34.001265782049494,98.12061377423575,77.42682670035796,1.0232425194077044,19.3,0.0,24.143451809157867,22.39833493435799,47.75856548190842
2026-05-27,60550.0,-3.0579570925392208,18.054201598752194,19.900990099009896,71.14188807235726,26.48840609985377,88.17399231350936,70.2122641509434,1.4310158571700378,21.7,1.2,28.95127993393889,16.43270024772916,52.766308835672994
2026-05-28,61280.0,1.2056151940545101,10.7336465486086,26.454808089145686,77.21226142278775,24.5401890051824,86.57329882782767,69.96432818073723,1.2943466515044888,15.2,0.5,25.522193211488254,23.1070496083551,69.46801566579634
2026-05-29,65850.0,7.457571801566587,14.721254355400703,48.14398200224972,85.64984493938539,29.82020345398628,96.04632468963052,72.03896391410228,1.283606128372988,2.8,0.4,18.66362946089597,23.310554290053155,39.98481397114655
2026-06-01,72500.0,10.098709187547449,10.771581359816661,40.91350826044704,99.61453744493392,38.008489901585676,110.51867445827739,75.55168408826945,1.0905931901658494,3.2,0.0,-0.8551724137931038,25.393103448275856,21.999999999999996
2026-06-02,77540.0,6.951724137931037,24.143451809157867,55.796664657424145,106.44302449414269,42.191740629355245,119.07410067030347,75.8508604206501,1.2718947103620855,2.8,0.4,-1.405726076863556,22.156306422491625,15.65643538818675
2026-06-03,78080.0,0.6964147536755227,28.95127993393889,52.23240397738351,114.44658060972262,37.91276240605488,114.65292096219932,79.15354330708661,1.2240519890679922,14.4,0.1,-9.707991803278693,22.95081967213115,12.871413934426235
2026-06-04,76920.0,-1.4856557377049162,25.522193211488254,38.99530177087098,77.19419488597097,31.95862139952994,106.11668869913183,83.85818561001042,0.9317905630650375,17.6,0.0,-1.9240769630785248,25.975039001560063,-0.8580343213728581
2026-06-05,78140.0,1.5860634425377107,18.66362946089597,36.13240418118466,75.63497415149472,30.290878471324834,104.08438656936339,81.6457197059521,0.9855737704918033,11.0,0.0,3.916048118761206,38.98131558740723,6.6035321218326
2026-06-08,71880.0,-8.011261837727158,-0.8551724137931038,9.824293353705116,56.464954288201994,17.315837148382982,83.43480914537021,73.64705882352942,1.1958482848392733,26.9,2.5,26.47468002225932,51.224262659988874,13.508625486922643
2026-06-09,76450.0,6.357818586533104,-1.405726076863556,22.39833493435799,65.8351409978308,21.758934828311148,90.48884662263315,75.26104417670683,0.9167625506170987,10.3,0.0,23.897972531066046,20.719424460431647,-5.297580117723999
2026-06-10,70500.0,-7.7828646173969895,-9.707991803278693,16.43270024772916,39.6039603960396,10.522355301937658,72.15171327582735,64.6615087040619,1.0325598067837816,36.6,2.0,36.170212765957444,31.20567375886525,1.9432624113475239
2026-06-11,75440.0,7.007092198581555,-1.9240769630785248,23.1070496083551,55.674783326454815,15.817430953221677,80.2391561443538,66.52620007328692,1.3215606027410218,14.6,0.6,28.44644750795333,37.65906680805939,3.2078472958642523
2026-06-12,81200.0,7.635206786850479,3.916048118761206,23.310554290053155,82.67716535433071,21.240173498868977,89.46398259357993,65.06024096385542,0.9963992148491113,7.2,0.0,33.74384236453203,13.522167487684733,-5.1724137931034475
2026-06-15,90910.0,11.958128078817731,26.47468002225932,25.393103448275856,76.6958211856171,31.85394684361289,106.63242112919357,74.10608371462465,0.8452009080635725,0.3,0.0,19.56880431195689,-2.7059729402705957,-26.19073809261907
2026-06-16,94720.0,4.190958090419095,23.897972531066046,22.156306422491625,90.31545107494475,33.04305077603764,109.49031837131895,78.0495813495321,0.9231608400342315,4.8,0.0,-2.5654560810810856,-5.320945945945943,-27.0481418918919
2026-06-17,96000.0,1.3513513513513598,36.170212765957444,22.95081967213115,87.170988496783,30.735865886790915,106.78662205436767,78.24601366742597,0.7179337512680446,10.5,0.0,-3.645833333333337,-8.197916666666671,-23.854166666666664
2026-06-18,96900.0,0.9374999999999911,28.44644750795333,25.975039001560063,75.09938561619083,28.32992312123801,103.28529171124678,76.86450943069735,0.8119013038616653,11.5,0.0,7.172342621259031,-21.300309597523214,-35.90299277605779
2026-06-19,108600.0,12.074303405572762,33.74384236453203,38.98131558740723,89.19860627177701,39.108603341936885,121.09458104510962,78.72374283895607,0.9105605502359235,0.6,0.0,-15.119705340699818,-23.296500920810313,-52.016574585635354
2026-06-22,108700.0,0.09208103130755596,19.56880431195689,51.224262659988874,66.08097784568372,35.48379055477309,114.91026458478527,76.90846286701209,0.6336324706877531,13.3,0.0,-18.629254829806808,-24.94020239190432,-43.82704691812328
2026-06-23,92290.0,-15.096596136154549,-2.5654560810810856,20.719424460431647,47.75856548190842,12.93095536724893,78.36114153192038,59.631286430798426,1.1492670506128193,21.0,20.0,-2.8280420413912655,-21.551630729223103,-30.360819157005093
2026-06-24,92500.0,0.22754361252572686,-3.645833333333337,31.20567375886525,52.766308835672994,11.017762842054735,74.75168729838614,60.69761054655314,1.3070636176073633,36.9,0.6,-4.724324324324325,-22.302702702702703,-33.1027027027027
2026-06-25,103850.0,12.270270270270277,7.172342621259031,37.65906680805939,69.46801566579634,21.53519371317225,91.163409280215,65.49728752260398,0.7708595215852946,3.9,0.0,-26.567164179104473,-25.026480500722194,-46.066441983630234
2026-06-26,92180.0,-11.237361579200766,-15.119705340699818,13.522167487684733,39.98481397114655,6.240995793234605,66.00658827766814,61.48709823449524,1.1598226504145082,33.8,10.6,-9.633326101106531,-16.46778042959427,-40.82230418745932
2026-06-29,88450.0,-4.046430896072906,-18.629254829806808,-2.7059729402705957,21.999999999999996,1.0135617416131337,56.0402758563912,56.85557586837294,1.1688642000932148,51.9,0.0,-7.755794234030522,-24.13793103448276,-49.63256076879593
2026-06-30,89680.0,1.390616167326164,-2.8280420413912655,-5.320945945945943,15.65643538818675,1.71317745932551,55.11433657401068,61.58212560386473,0.9605712497711973,44.8,0.0,-19.268510258697592,-22.948260481712758,-57.20338983050848
2026-07-01,88130.0,-1.7283675289919698,-4.724324324324325,-8.197916666666671,12.871413934426235,-0.6112414290869728,49.543546872702194,57.990177559501326,0.788804800248567,56.3,0.0,-18.450017020310906,-17.054351526154544,-55.17984795188926
2026-07-02,76260.0,-13.468739362305682,-26.567164179104473,-21.300309597523214,-0.8580343213728581,-13.965635893906747,27.440904419321676,47.11178671655753,1.188072399090864,42.4,16.2,2.0980854969840035,-18.55494361395227,-39.02439024390244
2026-07-03,83300.0,9.231576186729606,-9.633326101106531,-23.296500920810313,6.6035321218326,-6.296050485393212,36.89887615828555,45.40736270368135,1.4685654414426477,53.7,1.4,-7.563025210084029,-37.44297719087635,-40.984393757503
2026-07-06,81590.0,-2.0528211284513764,-7.755794234030522,-24.94020239190432,13.508625486922643,-8.71814952591391,31.980297585187056,41.86996904024768,1.043968229495589,71.3,0.0,-17.759529354087512,-25.16239735261674,-36.15639171467091
2026-07-07,72400.0,-11.263635249417824,-19.268510258697592,-21.551630729223103,-5.297580117723999,-18.815877999551468,15.716877242613858,36.690728626212504,1.1903222792130739,49.1,17.3,-4.558011049723754,-11.2292817679558,-25.0
2026-07-08,71870.0,-0.7320441988950321,-18.450017020310906,-22.302702702702703,1.9432624113475239,-19.4720359445817,13.53392168839649,35.82512175784346,1.223711474194935,56.9,8.0,1.711423403367185,-13.900097398079868,-32.18310839014889
2026-07-09,77860.0,8.334492834284134,2.0980854969840035,-25.026480500722194,3.2078472958642523,-12.878554764209271,21.470248681706128,31.387745216759498,1.0272446285829648,51.6,0.0,-20.22861546365271,-28.063190341638844,-38.69766247110198
2026-07-10,77000.0,-1.1045466221423106,-7.563025210084029,-16.46778042959427,-5.1724137931034475,-13.637918561678786,18.716932066676772,30.981521478281735,1.023003640504936,70.3,0.0,-32.324675324675326,-29.155844155844157,-37.64935064935065
2026-07-13,67100.0,-12.857142857142856,-17.759529354087512,-24.13793103448276,-26.19073809261907,-23.723129738885284,2.606971463232499,33.60666406351686,1.223056946774769,37.3,30.0,-9.001490312965721,-33.606557377049185,-25.678092399403873
2026-07-14,69100.0,2.980625931445613,-4.558011049723754,-22.948260481712758,-27.0481418918919,-20.288851974898492,4.686395313604685,35.11829051132028,1.3084369966990899,52.9,9.8,-6.989869753979738,-44.457308248914615,-25.03617945007236
2026-07-15,73100.0,5.788712011577424,1.711423403367185,-17.054351526154544,-23.854166666666664,-14.545900891949081,9.6601435632796,28.427108180159962,0.9049889487543613,51.6,1.3,-15.348837209302324,-45.96443228454172,-26.484268125854992
2026-07-16,62110.0,-15.034199726402186,-20.22861546365271,-18.55494361395227,-35.90299277605779,-25.886150339782944,-7.556292031424805,28.7009491429381,1.082865888528926,33.0,40.1,-9.821284817259702,-25.132828852036702,-0.4347126066655882
2026-07-17,52110.0,-16.10046691354049,-32.324675324675326,-37.44297719087635,-52.016574585635354,-35.64998332901123,-22.853526318776353,26.359614884205058,0.9836022447328564,32.8,70.8,4.682402609863745,-5.661101516023792,9.67184801381693
2026-07-21,61060.0,17.175206294377276,-9.001490312965721,-25.16239735261674,-43.82704691812328,-22.312556458897927,-10.230744916236423,33.08110664459683,1.1683926366167714,49.0,13.0,-27.038978054372752,-14.690468391745826,-18.195217818539145
2026-07-22,64270.0,5.257124140189973,-6.989869753979738,-11.2292817679558,-30.360819157005093,-16.744390901082962,-6.188877536126114,36.166512059369204,1.1500566153984997,58.0,3.1,-40.28318033297028,-15.512680877547847,-17.613194336393345
2026-07-23,61880.0,-3.718686790104253,-15.348837209302324,-13.900097398079868,-33.1027027027027,-18.218462961739245,-10.255976408595401,40.63314226159458,0.9064058757345331,70.0,5.9,-36.166774402068526,-21.234647705235943,-12.217194570135748
2026-07-24,56010.0,-9.486102133160957,-9.821284817259702,-28.063190341638844,-46.066441983630234,-23.559837866608436,-19.187789916148247,31.948670459055435,0.9634023920782141,63.7,30.4,-16.979110873058378,-14.783074450990895,-9.069808962685233
2026-07-27,54550.0,-2.606677379039457,4.682402609863745,-29.155844155844157,-40.82230418745932,-23.590343388218482,-21.6537685423005,32.05468542606849,1.2529213610638577,69.0,27.0,-9.880843263061411,-11.989000916590287,-6.031164069660866
2026-07-28,44550.0,-18.33180568285976,-27.038978054372752,-33.606557377049185,-49.63256076879593,-35.61813097483254,-36.14184966458345,31.713722915298746,0.8986547303598389,37.6,80.0,16.924803591470262,11.941638608305283,12.2334455667789
2026-07-29,38380.0,-13.849607182940515,-40.28318033297028,-44.457308248914615,-57.20338983050848,-42.39961579733309,-44.996727701795706,29.526837021640787,1.8408522203458524,43.5,80.9,41.47993746743095,34.96612819176654,36.789994788952576
2026-07-30,39500.0,2.9181865554976483,-36.166774402068526,-45.96443228454172,-55.17984795188926,-38.47352024922118,-43.43337907989737,25.06500260010401,1.8324805261997346,50.0,67.3,23.392405063291143,36.05063291139241,21.26582278481013
2026-07-31,46500.0,17.721518987341778,-16.979110873058378,-25.132828852036702,-39.02439024390244,-25.85151167240719,-33.45799028820561,31.639778473392724,0.024690885126159308,50.6,42.4,2.645161290322573,32.98924731182795,7.505376344086012
2026-08-03,49160.0,5.720430107526875,-9.880843263061411,-5.661101516023792,-40.984393757503,-19.416441275305306,-29.72976836267216,38.16934845687154,1.4350313543006536,70.9,28.7,-2.3393002441008948,16.253051261187967,3.7428803905614316
2026-08-04,52090.0,5.96013018714403,16.924803591470262,-14.690468391745826,-36.15639171467091,-12.49790021837729,-25.650504560311727,38.9185667752443,1.0576094810798895,63.4,15.7,-4.261854482626227,-4.108274140909963,-2.0925321558840415
2026-08-05,54300.0,4.242656939911682,41.47993746743095,-15.512680877547847,-25.0,-7.377398720682304,-22.647001562255163,37.45997865528282,0.9722179323648688,64.6,12.6,-4.604051565377532,-2.4861878453038666,-4.843462246777164
2026-08-06,48740.0,-10.23941068139963,23.392405063291143,-21.234647705235943,-32.18310839014889,-15.188320558218848,-30.538467019785752,40.38544513159787,0.7136532284046839,74.1,29.0,10.258514567090682,11.448502256873194,11.735740664751738
2026-08-07,47730.0,-2.0722199425523224,2.645161290322573,-14.783074450990895,-38.69766247110198,-14.709981773346204,-31.966066180924948,46.38255698711596,1.0798158090435115,87.7,22.0,29.56212025979468,6.704378797402044,24.722396815420076
2026-08-10,48010.0,0.5866331447726747,-2.3393002441008948,-11.989000916590287,-37.64935064935065,-11.92845677596881,-31.624783701604343,37.42047426257953,0.6693197549173229,87.2,21.6,19.037700479066856,6.769423036867317,19.579254322016237
2026-08-12,49870.0,3.8741928764840727,-4.261854482626227,11.941638608305283,-25.678092399403873,-7.047398930122462,-28.949149322663757,35.74821852731593,0.8081794467926218,79.1,18.9,0.1604170844194952,0.2606777621816825,14.297172648887102
2026-08-13,51800.0,3.8700621616202024,-4.604051565377532,34.96612819176654,-25.03617945007236,-1.867919524116246,-26.234994232658813,39.93208150219736,0.9396477198539565,76.3,16.2,2.220077220077221,1.3513513513513598,12.142857142857144
2026-08-14,53740.0,3.7451737451737355,10.258514567090682,36.05063291139241,-26.484268125854992,3.709135821529208,-23.516840100288672,47.53956210708866,0.938299699642595,54.0,13.5,1.0792705619650178,-10.867138072199477,0.5396352809825089
